N,t_FRLT,t_G1,t_R1
1000,0.0156889,0.0278752,0.1046645
2500,0.0383572,0.1714906,0.6534009
5000,0.0802977,0.6848145,2.5821488
7500,0.1146348,1.5356758,5.8990913
10000,0.1538078,2.7762268,10.9697008
12500,0.2029801,4.5022599,17.1271058
15000,0.2433518,6.4026393,23.3039278
20000,0.306003,10.9262084,43.0994317
