N,t_FRLT,t_G1,t_R1,e_FRLT_max,e_G1_max,e_R1_max,e_rel_FRLT_max,e_rel_G1_max,e_rel_R1_max
1000,0.0156889,0.0278752,0.1046645,0.002451806082754193,0.0015952338007023115,0.0031903541849241934,0.014902077561911148,0.015982638915209006,0.25288981677182126
2500,0.0383572,0.1714906,0.6534009,0.0030793915731780475,0.0006380935202806581,0.0012761761235741687,0.005497033294141146,0.006397352835425433,0.26509418222011055
5000,0.0802977,0.6848145,2.5821488,0.0036538390105625984,0.000319046760139885,0.0006380913621480966,0.0036540704692962214,0.0031993491947997724,0.26916600668711527
7500,0.1146348,1.5356758,5.8990913,0.004010233481610892,0.0002126978400920354,0.0004253947798167901,0.004010487516257984,0.0021330457648320125,0.2705236666136986
10000,0.1538078,2.7762268,10.9697008,0.004296517132505451,0.00015952338006991473,0.0003190462590634269,0.004296789302056991,0.0015998387461253999,0.27120256617610433
12500,0.2029801,4.5022599,17.1271058,0.004544993837855671,0.00012761870405558762,0.0002552370840765428,0.0045452817474566105,0.0012798979450252624,0.27160992864355427
15000,0.2433518,6.4026393,23.3039278,0.004764684541525899,0.00010634892004673935,0.00021269761057862713,0.004764986367718002,0.0010665952622002678,0.2718815128664884
20000,0.306003,10.9262084,43.0994317,0.0051350312542445264,7.976169003293121e-05,0.00015952324436435683,0.0051353565405556295,0.0007999599404956131,0.27222100256867293
