N,t_FRLT,e_FRLT_max,e_rel_FRLT_max,t_G1,e_G1_max,e_rel_G1_max,t_R1,e_R1_max,e_rel_R1_max
1000,0.011131048202514648,0.002451806082754193,0.014902077564713498,0.012074708938598633,0.0015952338007023115,0.015982638897670168,0.03903985023498535,0.003190354184924027,0.25288981686142664
2500,0.01068568229675293,0.0030793915731781585,0.005497033294280291,0.01717519760131836,0.000638093520279992,0.006397352724911263,0.1844017505645752,0.0012761761235741687,0.26509418226418624
5000,0.01081085205078125,0.0036538390105627094,0.0036540704692963324,0.03351712226867676,0.00031904676014016253,0.0031993490839297787,0.697300910949707,0.0006380913621480966,0.269166006964091
7500,0.011726140975952148,0.004010233481610781,0.004010487516257873,0.06323647499084473,0.00021269784009231296,0.002133045653843233,1.5758204460144043,0.00042539477981662355,0.2705236666579637
10000,0.012477874755859375,0.004296517132505451,0.004296789302056991,0.10608410835266113,0.0001595233800691931,0.0015998386350776226,2.7748539447784424,0.00031904625906326034,0.27120256691978656
12500,0.011369466781616211,0.004544993837855893,0.0045452817474568325,0.15710163116455078,0.00012761870405508802,0.0012798969011181657,4.336076498031616,0.0002552370840767093,0.2716099293874751
15000,0.012064695358276367,0.004764684541525788,0.0047649863677178906,0.22064590454101562,0.00010634892004635077,0.0010665951510928713,6.264036417007446,0.0002126976105784606,0.2718815136105685
20000,0.01338958740234375,0.0051350312542447485,0.005135356540555852,0.3861551284790039,7.976169003320877e-05,0.0007999598293587451,11.304566860198975,0.00015952324436430132,0.2722210042462235
