N,t_FRLT,e_FRLT_max,e_rel_FRLT_max,t_G1,e_G1_max,e_rel_G1_max,t_R1,e_R1_max,e_rel_R1_max
1000,0.03230476379394531,0.0024518060827543042,0.014902077564713378,0.15611624717712402,0.0015952338007023115,0.015982638897670168,0.38909029960632324,0.0031903541849239714,0.25288981686142664
2500,0.07355380058288574,0.0030793915731780475,0.005497033294280168,0.9619443416595459,0.0006380935202806026,0.006397352724911263,2.4409046173095703,0.0012761761235741687,0.26509418226418624
5000,0.14108657836914062,0.0036538390105625984,0.0036540704692962214,3.967660427093506,0.000319046760139885,0.0031993490839297787,9.705176591873169,0.0006380913621480966,0.269166006964091
7500,0.20777153968811035,0.004010233481610781,0.004010487516257873,8.6838858127594,0.0002126978400920354,0.002133045653843233,21.842265844345093,0.00042539477981662355,0.2705236666579637
10000,0.2739880084991455,0.004296517132505451,0.004296789302056991,15.469452857971191,0.00015952338006991473,0.0015998386350776226,38.75237464904785,0.00031904625906326034,0.27120256691978656
12500,0.33947277069091797,0.004544993837855671,0.0045452817474566105,23.973001956939697,0.0001276187040555321,0.0012798969011181657,62.03679609298706,0.0002552370840767093,0.2716099293874751
15000,0.4084506034851074,0.004764684541525899,0.004764986367718002,34.39359736442566,0.00010634892004668384,0.0010665951510928713,88.98467087745667,0.0002126976105785161,0.2718815136105685
20000,0.5354032516479492,0.0051350312542446375,0.005135356540555741,60.94816613197327,7.976169003293121e-05,0.0007999598293587451,156.94027471542358,0.00015952324436441234,0.2722210042462235
