N,t_FRLT,e_FRLT_max,e_rel_FRLT_max,t_G1,e_G1_max,e_rel_G1_max,t_R1,e_R1_max,e_rel_R1_max
1000,0.006105661392211914,0.0024518060827543042,0.014902077564713378,0.0070917606353759766,0.0015952338007023115,0.015982638897670168,0.03511238098144531,0.0031903541849239714,0.25288981686142664
2500,0.007787227630615234,0.0030793915731780475,0.005497033294280168,0.014523506164550781,0.0006380935202806026,0.006397352724911263,0.17987632751464844,0.0012761761235741687,0.26509418226418624
5000,0.006575345993041992,0.0036538390105625984,0.0036540704692962214,0.038526296615600586,0.000319046760139885,0.0031993490839297787,0.6949787139892578,0.0006380913621480966,0.269166006964091
7500,0.0073871612548828125,0.004010233481610781,0.004010487516257873,0.08000731468200684,0.0002126978400920354,0.002133045653843233,1.572941780090332,0.00042539477981662355,0.2705236666579637
10000,0.006680488586425781,0.004296517132505451,0.004296789302056991,0.1371288299560547,0.00015952338006991473,0.0015998386350776226,2.7747952938079834,0.00031904625906326034,0.27120256691978656
12500,0.007634878158569336,0.004544993837855671,0.0045452817474566105,0.21124815940856934,0.0001276187040555321,0.0012798969011181657,4.303707838058472,0.0002552370840767093,0.2716099293874751
15000,0.007950782775878906,0.004764684541525899,0.004764986367718002,0.30300021171569824,0.00010634892004668384,0.0010665951510928713,6.196730613708496,0.0002126976105785161,0.2718815136105685
20000,0.00996708869934082,0.0051350312542446375,0.005135356540555741,0.5354275703430176,7.976169003293121e-05,0.0007999598293587451,11.043718099594116,0.00015952324436441234,0.2722210042462235
